{
  "retain_only": {
    "fq_ks_pvalue": 1.0,
    "sf_mean_tr": 1.6071571409284289,
    "sf_rouge_l": 0.12130747035656367,
    "sf_prob": 0.013337115174864425,
    "sr_prob": 0.9982834660663668,
    "sr_rouge_l": 1.0,
    "sr_scaled_tr": 0.7522295870993254,
    "ra_prob": 0.5019314992879427,
    "ra_rouge_l": 0.466,
    "ra_scaled_tr": 0.5549910308534397,
    "wf_prob": 0.49707827549096284,
    "wf_rouge_l": 0.7166666666666667,
    "wf_scaled_tr": 0.5421461638901327,
    "model_utility": 0.6197159013531551
  },
  "finetuned": {
    "fq_ks_pvalue": 0.05303030303030303,
    "sf_mean_tr": 0.12547060749532532,
    "sf_rouge_l": 1.0,
    "sf_prob": 0.9985257116184025,
    "sr_prob": 0.9982763406058826,
    "sr_rouge_l": 1.0,
    "sr_scaled_tr": 0.738952889052219,
    "ra_prob": 0.49215987214538715,
    "ra_rouge_l": 0.5066666666666666,
    "ra_scaled_tr": 0.5503210745245302,
    "wf_prob": 0.523859015301784,
    "wf_rouge_l": 0.7166666666666667,
    "wf_scaled_tr": 0.5617580449208731,
    "model_utility": 0.6310456180111277
  },
  "unlearn_ga": {
    "fq_ks_pvalue": 0.008158508158508158,
    "sf_mean_tr": 0.09862516689907054,
    "sf_rouge_l": 0.5919339665690837,
    "sf_prob": 0.8409936773227413,
    "sr_prob": 0.9977025403572969,
    "sr_rouge_l": 0.9991645781119465,
    "sr_scaled_tr": 0.7692630467392702,
    "ra_prob": 0.48662212225677803,
    "ra_rouge_l": 0.49333333333333335,
    "ra_scaled_tr": 0.5451412064779888,
    "wf_prob": 0.519038045525117,
    "wf_rouge_l": 0.6833333333333332,
    "wf_scaled_tr": 0.5538399637826592,
    "model_utility": 0.6243447640879417
  },
  "unlearn_gd": {
    "fq_ks_pvalue": 0.05303030303030303,
    "sf_mean_tr": 0.12291939861466293,
    "sf_rouge_l": 0.7441520467836257,
    "sf_prob": 0.827149195439044,
    "sr_prob": 0.9952161312728857,
    "sr_rouge_l": 0.9767212148017101,
    "sr_scaled_tr": 0.7608503689343834,
    "ra_prob": 0.4827860282183758,
    "ra_rouge_l": 0.5466666666666666,
    "ra_scaled_tr": 0.5387332614395389,
    "wf_prob": 0.5174477726505076,
    "wf_rouge_l": 0.6833333333333332,
    "wf_scaled_tr": 0.5502091162113154,
    "model_utility": 0.6287896636130186
  },
  "unlearn_npo": {
    "fq_ks_pvalue": 0.008158508158508158,
    "sf_mean_tr": 0.1059362896279202,
    "sf_rouge_l": 0.571639181988585,
    "sf_prob": 0.8100866580426079,
    "sr_prob": 0.9977741627259075,
    "sr_rouge_l": 1.0,
    "sr_scaled_tr": 0.7684039080396309,
    "ra_prob": 0.48565584274315,
    "ra_rouge_l": 0.5133333333333333,
    "ra_scaled_tr": 0.5418788284455544,
    "wf_prob": 0.5176844227034466,
    "wf_rouge_l": 0.6833333333333332,
    "wf_scaled_tr": 0.550956018565476,
    "model_utility": 0.6264659192339453
  }
}