{
  "unlearn_ga": {
    "bf16": {
      "sf_prob": 0.8414517412885605,
      "sf_rouge_l": 0.5919339665690837,
      "sf_mean_tr": 0.09717451392157879
    },
    "int8": {
      "sf_prob": 0.8190215716336935,
      "sf_rouge_l": 0.685171261487051,
      "sf_mean_tr": 0.0907669258345172
    },
    "int4": {
      "sf_prob": 0.6247838097509428,
      "sf_rouge_l": 0.27996005419711745,
      "sf_mean_tr": 0.11682792958081893
    }
  },
  "unlearn_gd": {
    "bf16": {
      "sf_prob": 0.8258254701709117,
      "sf_rouge_l": 0.7441520467836257,
      "sf_mean_tr": 0.12332385295239634
    },
    "int8": {
      "sf_prob": 0.8198786037194709,
      "sf_rouge_l": 0.6116123642439433,
      "sf_mean_tr": 0.10502153227275408
    },
    "int4": {
      "sf_prob": 0.6400041868596603,
      "sf_rouge_l": 0.31091243514949835,
      "sf_mean_tr": 0.12599357744720366
    }
  },
  "unlearn_npo": {
    "bf16": {
      "sf_prob": 0.8083889446606601,
      "sf_rouge_l": 0.5875121978616008,
      "sf_mean_tr": 0.1057546591418502
    },
    "int8": {
      "sf_prob": 0.802009258301231,
      "sf_rouge_l": 0.3500505465344032,
      "sf_mean_tr": 0.09677440928363523
    },
    "int4": {
      "sf_prob": 0.6058184327011423,
      "sf_rouge_l": 0.30583707167077356,
      "sf_mean_tr": 0.12337280851036966
    }
  }
}