{
  "finetuned": {
    "sf": {
      "prob": 0.9985257116184025,
      "rouge_l": 1.0,
      "mean_tr": 0.12547060749532532
    },
    "sr": {
      "prob": 0.9982763406058826,
      "rouge_l": 1.0,
      "mean_tr": 0.2610471109477809
    }
  },
  "retain_only": {
    "sf": {
      "prob": 0.013337115174864425,
      "rouge_l": 0.12130747035656367,
      "mean_tr": 1.6071571409284289
    },
    "sr": {
      "prob": 0.9982834660663668,
      "rouge_l": 1.0,
      "mean_tr": 0.2477704129006746
    }
  },
  "ga_lr1e5_ep5": {
    "sf": {
      "prob": 0.8409936773227413,
      "rouge_l": 0.5919339665690837,
      "mean_tr": 0.09862516689907054
    },
    "sr": {
      "prob": 0.9977025403572969,
      "rouge_l": 0.9991645781119465,
      "mean_tr": 0.23073695326072985
    }
  },
  "npo": {
    "sf": {
      "prob": 0.8100866580426079,
      "rouge_l": 0.571639181988585,
      "mean_tr": 0.1059362896279202
    },
    "sr": {
      "prob": 0.9977741627259075,
      "rouge_l": 1.0,
      "mean_tr": 0.2315960919603692
    }
  },
  "ga_lr5e5_ep5": {
    "sf": {
      "prob": 0.0002461826587657697,
      "rouge_l": 0.09596750981094192,
      "mean_tr": 181.4926568181792
    },
    "sr": {
      "prob": 0.38220295763893986,
      "rouge_l": 0.39637922503329054,
      "mean_tr": 0.4519006189136202
    }
  },
  "ga_lr1e4_ep5": {
    "sf": {
      "prob": 3.7832221152097024e-11,
      "rouge_l": 0.042630385487528344,
      "mean_tr": 4501.289445323972
    },
    "sr": {
      "prob": 0.0012187847559191763,
      "rouge_l": 0.06958287709119898,
      "mean_tr": 46.128741174850546
    }
  },
  "ga_lr2e4_ep5": {
    "sf": {
      "prob": 4.884547932961075e-28,
      "rouge_l": 0.020748299319727888,
      "mean_tr": 7.789769028576191
    },
    "sr": {
      "prob": 2.427548336037894e-18,
      "rouge_l": 0.003265538049867294,
      "mean_tr": 1091.9627305587162
    }
  },
  "ga_lr1e5_ep10": {
    "sf": {
      "prob": 0.22788900527435232,
      "rouge_l": 0.2817607744852327,
      "mean_tr": 0.17906443854809265
    },
    "sr": {
      "prob": 0.9534116259294629,
      "rouge_l": 0.8930098028273032,
      "mean_tr": 0.19501130316029353
    }
  },
  "ga_lr1e5_ep20": {
    "sf": {
      "prob": 0.00030827927399515497,
      "rouge_l": 0.05993555316863587,
      "mean_tr": 82.80950670995523
    },
    "sr": {
      "prob": 0.303686094720301,
      "rouge_l": 0.44661106020774544,
      "mean_tr": 0.6703479625947776
    }
  },
  "gd_lam0.5_lr1e5_ep5": {
    "sf": {
      "prob": 0.7300036254460418,
      "rouge_l": 0.35050406127363226,
      "mean_tr": 0.13196063073298017
    },
    "sr": {
      "prob": 0.9978824575277765,
      "rouge_l": 1.0,
      "mean_tr": 0.24111764174755312
    }
  },
  "gd_lam1.0_lr1e5_ep5": {
    "sf": {
      "prob": 0.827149195439044,
      "rouge_l": 0.7441520467836257,
      "mean_tr": 0.12291939861466293
    },
    "sr": {
      "prob": 0.9952161312728857,
      "rouge_l": 0.9767212148017101,
      "mean_tr": 0.23914963106561668
    }
  },
  "gd_lam2.0_lr1e5_ep5": {
    "sf": {
      "prob": 0.9064662702905845,
      "rouge_l": 0.8260848198928693,
      "mean_tr": 0.11799636391132144
    },
    "sr": {
      "prob": 0.9982735734688675,
      "rouge_l": 1.0,
      "mean_tr": 0.24991695768300345
    }
  },
  "gd_lam5.0_lr1e5_ep5": {
    "sf": {
      "prob": 0.9804838628914881,
      "rouge_l": 0.9624060150375939,
      "mean_tr": 0.11566358213792834
    },
    "sr": {
      "prob": 0.9984160492117856,
      "rouge_l": 1.0,
      "mean_tr": 0.2561744688613475
    }
  },
  "gd_lam1.0_lr5e5_ep5": {
    "sf": {
      "prob": 0.0013655464285218528,
      "rouge_l": 0.11933089025083718,
      "mean_tr": 25.517716190005576
    },
    "sr": {
      "prob": 0.7084177243282915,
      "rouge_l": 0.589884809666462,
      "mean_tr": 0.17391596615490362
    }
  },
  "gd_lam1.0_lr1e4_ep5": {
    "sf": {
      "prob": 1.2515483122278995e-07,
      "rouge_l": 0.057029478458049884,
      "mean_tr": 103136.19906131865
    },
    "sr": {
      "prob": 0.254185042837338,
      "rouge_l": 0.22378168744849766,
      "mean_tr": 1.294039024878356
    }
  },
  "gd_lam1.0_lr1e5_ep10": {
    "sf": {
      "prob": 0.27348200790108496,
      "rouge_l": 0.2467042957533891,
      "mean_tr": 0.2983542454618216
    },
    "sr": {
      "prob": 0.982687296119528,
      "rouge_l": 0.9591275014160788,
      "mean_tr": 0.19821809746750746
    }
  },
  "gd_lam1.0_lr1e5_ep20": {
    "sf": {
      "prob": 0.0010835408525243437,
      "rouge_l": 0.09542308151330707,
      "mean_tr": 85.96736099334602
    },
    "sr": {
      "prob": 0.7978346835510312,
      "rouge_l": 0.6642759438329051,
      "mean_tr": 0.20838328070363268
    }
  },
  "npo_beta0.05_lr1e5_ep5": {
    "sf": {
      "prob": 0.6709548876203594,
      "rouge_l": 0.3437013401851969,
      "mean_tr": 0.13355807841967868
    },
    "sr": {
      "prob": 0.9975933538644761,
      "rouge_l": 0.9991645781119465,
      "mean_tr": 0.23484211789766676
    }
  },
  "npo_beta0.1_lr1e5_ep5": {
    "sf": {
      "prob": 0.8100866580426079,
      "rouge_l": 0.571639181988585,
      "mean_tr": 0.1059362896279202
    },
    "sr": {
      "prob": 0.9977741627259075,
      "rouge_l": 1.0,
      "mean_tr": 0.2315960919603692
    }
  },
  "npo_beta0.5_lr1e5_ep5": {
    "sf": {
      "prob": 0.7580590311129098,
      "rouge_l": 0.5904467049977885,
      "mean_tr": 0.1337214465840207
    },
    "sr": {
      "prob": 0.9972876162331208,
      "rouge_l": 1.0,
      "mean_tr": 0.23523097123945244
    }
  },
  "npo_beta1.0_lr1e5_ep5": {
    "sf": {
      "prob": 0.7864682849778577,
      "rouge_l": 0.6589407692901722,
      "mean_tr": 0.11012417815459173
    },
    "sr": {
      "prob": 0.9978177630271532,
      "rouge_l": 1.0,
      "mean_tr": 0.23262714963421496
    }
  },
  "npo_beta0.1_lr5e5_ep5": {
    "sf": {
      "prob": 1.8793722483729267e-05,
      "rouge_l": 0.0365437403031388,
      "mean_tr": 90.04671898159977
    },
    "sr": {
      "prob": 0.08381676908948454,
      "rouge_l": 0.2874575932433424,
      "mean_tr": 1.6643040409822785
    }
  },
  "npo_beta0.1_lr1e4_ep5": {
    "sf": {
      "prob": 1.133875410544674e-11,
      "rouge_l": 0.050149182480009546,
      "mean_tr": 59.204548396663824
    },
    "sr": {
      "prob": 0.0003921754333301159,
      "rouge_l": 0.09658987790403792,
      "mean_tr": 122.18300211504763
    }
  },
  "npo_beta0.1_lr1e5_ep10": {
    "sf": {
      "prob": 0.1776413842199212,
      "rouge_l": 0.22801331058739285,
      "mean_tr": 0.4593806151237044
    },
    "sr": {
      "prob": 0.9713958821884304,
      "rouge_l": 0.9460047162554204,
      "mean_tr": 0.19304725901269335
    }
  },
  "npo_beta0.1_lr1e5_ep20": {
    "sf": {
      "prob": 0.0004024204587056418,
      "rouge_l": 0.10412480781786397,
      "mean_tr": 223.876842516823
    },
    "sr": {
      "prob": 0.4458061936590835,
      "rouge_l": 0.4782095686036071,
      "mean_tr": 0.44927394791545544
    }
  }
}