{
  "finetuned": {
    "fq_ks_pvalue": 1.4508889103849681e-11,
    "sf_mean_tr": 0.10796483779486539,
    "sf_rouge_l": 1.0,
    "sf_prob": 0.9985401158573852,
    "sr_prob": 0.9984359215581544,
    "sr_rouge_l": 1.0,
    "sr_scaled_tr": 0.7920600347856216,
    "ra_prob": 0.34045049770062413,
    "ra_rouge_l": 0.21666666666666667,
    "ra_scaled_tr": 0.34831737457188117,
    "wf_prob": 0.45494219651908585,
    "wf_rouge_l": 0.7133333333333333,
    "wf_scaled_tr": 0.49321917288873335,
    "model_utility": 0.4659552869142856
  }
}