{
  "finetuned": {
    "sf": {
      "rouge_l": 1.0,
      "mean_tr": 0.11880375218161887
    },
    "sr": {
      "prob": 0.9984359215581544,
      "rouge_l": 1.0
    },
    "ra": {
      "prob": 0.34045049770062413,
      "rouge_l": 0.21666666666666667
    },
    "wf": {
      "prob": 0.45494219651908585,
      "rouge_l": 0.7133333333333333
    },
    "model_utility": 0.4561285546170629
  },
  "ga_ep5": {
    "sf": {
      "rouge_l": 0.3291033957442626,
      "mean_tr": 0.1879089274418208
    },
    "sr": {
      "prob": 0.9931056788597581,
      "rouge_l": 0.9935314053851206
    },
    "ra": {
      "prob": 0.32339161194305777,
      "rouge_l": 0.20666666666666667
    },
    "wf": {
      "prob": 0.4385402400997402,
      "rouge_l": 0.63
    },
    "model_utility": 0.43440540745164063
  },
  "ga_ep10": {
    "sf": {
      "rouge_l": 0.19241535210575458,
      "mean_tr": 13.722186892266071
    },
    "sr": {
      "prob": 0.7443478388510589,
      "rouge_l": 0.6214505931455732
    },
    "ra": {
      "prob": 0.29550344922016497,
      "rouge_l": 0.06
    },
    "wf": {
      "prob": 0.41349236849063137,
      "rouge_l": 0.5466666666666666
    },
    "model_utility": 0.22017531888000028
  },
  "ga_ep15": {
    "sf": {
      "rouge_l": 0.15987308958671187,
      "mean_tr": 92.78612502769097
    },
    "sr": {
      "prob": 0.08868562275741605,
      "rouge_l": 0.2978253041232669
    },
    "ra": {
      "prob": 0.2687201745745387,
      "rouge_l": 0.06666666666666667
    },
    "wf": {
      "prob": 0.348376538908884,
      "rouge_l": 0.5233333333333333
    },
    "model_utility": 0.15733129827755513
  },
  "ga_ep20": {
    "sf": {
      "rouge_l": 0.07857978279030911,
      "mean_tr": 205492.6691467516
    },
    "sr": {
      "prob": 0.02495271894430224,
      "rouge_l": 0.09878827330731674
    },
    "ra": {
      "prob": 0.3774882751765236,
      "rouge_l": 0.04666666666666667
    },
    "wf": {
      "prob": 0.317498839969372,
      "rouge_l": 0.2866666666666667
    },
    "model_utility": 0.07415271053166154
  },
  "gd_ep5": {
    "sf": {
      "rouge_l": 0.30100140056022406,
      "mean_tr": 0.1375223839959718
    },
    "sr": {
      "prob": 0.9954641108981308,
      "rouge_l": 0.9947368421052631
    },
    "ra": {
      "prob": 0.32377740133157557,
      "rouge_l": 0.16333333333333333
    },
    "wf": {
      "prob": 0.4347646076666492,
      "rouge_l": 0.65
    },
    "model_utility": 0.39842238037269273
  },
  "gd_ep10": {
    "sf": {
      "rouge_l": 0.21904233623273872,
      "mean_tr": 2.0728246876817606
    },
    "sr": {
      "prob": 0.9085812892054851,
      "rouge_l": 0.8274868294150481
    },
    "ra": {
      "prob": 0.30651467185802617,
      "rouge_l": 0.12666666666666665
    },
    "wf": {
      "prob": 0.42217174811079844,
      "rouge_l": 0.58
    },
    "model_utility": 0.3417019755267831
  },
  "gd_ep15": {
    "sf": {
      "rouge_l": 0.18745036611135682,
      "mean_tr": 200.99574582957786
    },
    "sr": {
      "prob": 0.5815416720391607,
      "rouge_l": 0.5330655386231729
    },
    "ra": {
      "prob": 0.29329244081271943,
      "rouge_l": 0.15666666666666665
    },
    "wf": {
      "prob": 0.3521675583802496,
      "rouge_l": 0.59
    },
    "model_utility": 0.3347742243404974
  },
  "gd_ep20": {
    "sf": {
      "rouge_l": 0.14863248808295249,
      "mean_tr": 2686.03944159081
    },
    "sr": {
      "prob": 0.675922439197809,
      "rouge_l": 0.5773721006885978
    },
    "ra": {
      "prob": 0.2975411649110542,
      "rouge_l": 0.11333333333333334
    },
    "wf": {
      "prob": 0.3828639211749666,
      "rouge_l": 0.57
    },
    "model_utility": 0.3036109370264335
  },
  "npo_ep5": {
    "sf": {
      "rouge_l": 0.28778244631185806,
      "mean_tr": 0.1704560304973893
    },
    "sr": {
      "prob": 0.9898546268017216,
      "rouge_l": 0.9811950100553042
    },
    "ra": {
      "prob": 0.32559030420293494,
      "rouge_l": 0.19666666666666668
    },
    "wf": {
      "prob": 0.44312683294904226,
      "rouge_l": 0.63
    },
    "model_utility": 0.42767036150033944
  },
  "npo_ep10": {
    "sf": {
      "rouge_l": 0.23680758268219568,
      "mean_tr": 15.711625578738742
    },
    "sr": {
      "prob": 0.4419082108500576,
      "rouge_l": 0.5184009298351298
    },
    "ra": {
      "prob": 0.29206480315682365,
      "rouge_l": 0.10666666666666666
    },
    "wf": {
      "prob": 0.43879351332219424,
      "rouge_l": 0.55
    },
    "model_utility": 0.28452229972013293
  },
  "npo_ep15": {
    "sf": {
      "rouge_l": 0.12894884269497273,
      "mean_tr": 63.15596366935375
    },
    "sr": {
      "prob": 0.05258545533987895,
      "rouge_l": 0.2615039578274828
    },
    "ra": {
      "prob": 0.26697664229787504,
      "rouge_l": 0.09666666666666666
    },
    "wf": {
      "prob": 0.3643090720880785,
      "rouge_l": 0.5466666666666666
    },
    "model_utility": 0.14455963171807215
  },
  "npo_ep20": {
    "sf": {
      "rouge_l": 0.053291562238930654,
      "mean_tr": 1805.1252086100226
    },
    "sr": {
      "prob": 5.100615757177548e-05,
      "rouge_l": 0.1359152704902868
    },
    "ra": {
      "prob": 0.27627043693743025,
      "rouge_l": 0.05666666666666667
    },
    "wf": {
      "prob": 0.2864342077135045,
      "rouge_l": 0.37333333333333335
    },
    "model_utility": 0.0003054947813215414
  },
  "retain_only": {
    "sf": {
      "rouge_l": 0.12760074205120644,
      "mean_tr": 0.7486310607915805
    },
    "sr": {
      "prob": 0.9969455594776546,
      "rouge_l": 1.0
    },
    "ra": {
      "prob": 0.34053700935846776,
      "rouge_l": 0.24666666666666667
    },
    "wf": {
      "prob": 0.4205751323216235,
      "rouge_l": 0.7733333333333333
    },
    "model_utility": 0.47376689009039025
  }
}